{"stats":{"minecraft:used":{"create:limestone":4,"minecraft:enchanting_table":1,"minecraft:tropical_fish":6,"minecraft:stone_shovel":11,"minecraft:shield":50,"minecraft:torch":4,"minecraft:dirt":19,"minecraft:tuff":64,"minecraft:lava_bucket":1,"minecraft:furnace":7,"minecraft:cobbled_deepslate":141,"minecraft:water_bucket":37,"minecraft:mossy_stone_bricks":2,"minecraft:diamond_boots":1,"minecraft:rabbit":2,"minecraft:stone_pickaxe":49,"minecraft:oak_planks":9,"create:crimsite":3,"minecraft:wooden_pickaxe":29,"minecraft:sandstone":8,"minecraft:cut_sandstone":2,"minecraft:diamond_axe":21,"minecraft:salmon":1,"minecraft:crafting_table":11,"minecraft:diamond_pickaxe":412,"minecraft:bread":54,"minecraft:cyan_bed":2,"minecraft:iron_pickaxe":251,"minecraft:stone_axe":49,"minecraft:diamond_sword":22,"minecraft:cobblestone":8,"minecraft:bucket":38,"minecraft:sea_pickle":2},"minecraft:mined":{"create:zinc_ore":12,"create:deepslate_zinc_ore":12,"minecraft:tuff":75,"minecraft:stone_pressure_plate":1,"minecraft:deepslate_diamond_ore":19,"minecraft:fire_coral_wall_fan":3,"minecraft:obsidian":11,"minecraft:tube_coral_wall_fan":2,"minecraft:grass_block":5,"minecraft:horn_coral_wall_fan":2,"minecraft:sandstone":15,"minecraft:spawner":1,"minecraft:hay_block":46,"minecraft:tall_seagrass":7,"minecraft:raw_iron_block":1,"minecraft:furnace":7,"minecraft:iron_ore":9,"minecraft:cobbled_deepslate":4,"minecraft:andesite":7,"minecraft:deepslate_lapis_ore":10,"minecraft:enchanting_table":1,"minecraft:bookshelf":20,"minecraft:deepslate_iron_ore":63,"minecraft:flowering_azalea_leaves":1,"minecraft:azalea_leaves":6,"minecraft:stone":45,"create:limestone":4,"minecraft:deepslate_redstone_ore":5,"minecraft:cut_sandstone":4,"minecraft:crafting_table":10,"minecraft:torch":2,"minecraft:dead_bush":34,"minecraft:cyan_bed":3,"minecraft:deepslate_gold_ore":19,"minecraft:sugar_cane":13,"minecraft:oak_planks":1,"minecraft:diorite":3,"minecraft:iron_door":10,"minecraft:wall_torch":1,"minecraft:seagrass":1,"minecraft:sea_pickle":2,"minecraft:wheat":7,"minecraft:tnt":9,"minecraft:grass":4,"minecraft:oak_log":12,"minecraft:coal_ore":24,"minecraft:beetroots":1,"minecraft:bubble_coral_wall_fan":3,"minecraft:gravel":7,"minecraft:sand":3,"minecraft:dirt":18,"minecraft:cobweb":16,"minecraft:cracked_stone_bricks":3,"minecraft:stone_bricks":3,"minecraft:mossy_stone_bricks":2,"create:crimsite":3,"minecraft:oak_leaves":3,"minecraft:deepslate":338},"minecraft:crafted":{"minecraft:oak_planks":44,"minecraft:raw_iron":9,"minecraft:stone_shovel":1,"minecraft:furnace":3,"minecraft:diamond_helmet":1,"minecraft:diamond_leggings":1,"minecraft:stone_pickaxe":1,"minecraft:diamond_boots":1,"minecraft:stone_hoe":1,"minecraft:wheat":414,"minecraft:diamond_sword":1,"minecraft:diamond_axe":1,"minecraft:crafting_table":2,"minecraft:enchanting_table":1,"minecraft:wooden_pickaxe":1,"minecraft:bucket":1,"minecraft:stone_axe":1,"minecraft:bread":135,"minecraft:air":0,"minecraft:diamond_pickaxe":1,"minecraft:shield":1,"minecraft:stick":12,"minecraft:iron_ingot":57,"minecraft:iron_pickaxe":1,"minecraft:diamond_chestplate":1},"minecraft:broken":{"minecraft:iron_pickaxe":1},"minecraft:custom":{"minecraft:mob_kills":31,"minecraft:interact_with_crafting_table":19,"minecraft:leave_game":6,"minecraft:time_since_death":171925,"minecraft:climb_one_cm":1104,"minecraft:sprint_one_cm":260260,"minecraft:walk_one_cm":335308,"minecraft:damage_blocked_by_shield":2190,"minecraft:drop":40,"minecraft:play_time":182738,"minecraft:sneak_time":10440,"minecraft:deaths":1,"minecraft:walk_under_water_one_cm":45626,"minecraft:jump":2555,"minecraft:walk_on_water_one_cm":49474,"minecraft:enchant_item":7,"minecraft:total_world_time":182738,"minecraft:interact_with_furnace":44,"minecraft:sleep_in_bed":1,"minecraft:time_since_rest":159892,"minecraft:damage_taken":2943,"minecraft:damage_dealt":2914,"minecraft:swim_one_cm":71225,"minecraft:fly_one_cm":461957,"minecraft:open_chest":17,"minecraft:crouch_one_cm":26830,"minecraft:fall_one_cm":82229},"minecraft:picked_up":{"minecraft:crafting_table":10,"minecraft:wheat":6,"minecraft:enchanted_book":1,"minecraft:string":14,"create:limestone":4,"minecraft:sea_pickle":4,"minecraft:cobbled_deepslate":153,"minecraft:azalea":2,"minecraft:iron_pickaxe":1,"minecraft:sugar_cane":20,"minecraft:furnace":7,"minecraft:stick":32,"minecraft:raw_iron":74,"minecraft:sandstone":8,"minecraft:torch":4,"minecraft:redstone":23,"minecraft:stone_pressure_plate":1,"minecraft:rotten_flesh":3,"minecraft:tropical_fish":6,"minecraft:beetroot_seeds":1,"minecraft:hay_block":46,"minecraft:obsidian":11,"minecraft:iron_bars":2,"minecraft:cobblestone":41,"minecraft:nautilus_shell":1,"minecraft:enchanting_table":1,"minecraft:iron_door":7,"minecraft:salmon":1,"minecraft:cut_sandstone":2,"minecraft:oak_log":11,"minecraft:tuff":62,"create:raw_zinc":22,"minecraft:lapis_lazuli":107,"minecraft:dirt":19,"minecraft:bone":4,"minecraft:bow":1,"minecraft:wheat_seeds":16,"minecraft:raw_gold":19,"minecraft:rabbit_hide":3,"minecraft:iron_ingot":4,"minecraft:diamond_helmet":1,"minecraft:rabbit":2,"minecraft:mossy_stone_bricks":2,"minecraft:flowering_azalea":2,"minecraft:oak_planks":1,"minecraft:book":60,"minecraft:raw_iron_block":1,"minecraft:gravel":7,"sophisticatedbackpacks:iron_backpack":1,"minecraft:cyan_bed":3,"minecraft:diamond_shovel":1,"create:crimsite":3,"minecraft:diamond":51,"minecraft:golden_apple":1,"minecraft:bread":1,"minecraft:coal":24,"minecraft:diamond_pickaxe":1},"minecraft:dropped":{"minecraft:enchanted_book":2,"minecraft:stone_hoe":1,"minecraft:iron_ingot":10,"minecraft:bread":1,"minecraft:diamond":3,"minecraft:green_dye":1,"minecraft:iron_door":7,"minecraft:diamond_helmet":1,"minecraft:iron_pickaxe":1,"minecraft:cactus":7,"minecraft:gravel":7,"minecraft:stone_axe":1,"minecraft:cobbled_deepslate":12,"minecraft:stone_shovel":1,"minecraft:rotten_flesh":3,"minecraft:oak_planks":11,"minecraft:rabbit_hide":3,"minecraft:diamond_pickaxe":1,"minecraft:beetroot_seeds":1,"minecraft:stone_pressure_plate":1,"minecraft:iron_bars":2,"minecraft:wooden_pickaxe":1,"minecraft:bow":1,"minecraft:nautilus_shell":1},"minecraft:killed":{"minecraft:spider":1,"minecraft:skeleton":4,"minecraft:silverfish":8,"minecraft:drowned":1,"minecraft:tropical_fish":8,"minecraft:salmon":1,"minecraft:rabbit":6,"minecraft:zombie":1}},"DataVersion":2975}