{"stats":{"minecraft:used":{"create:limestone":4,"minecraft:enchanting_table":1,"minecraft:tropical_fish":6,"minecraft:stone_shovel":11,"minecraft:shield":64,"minecraft:torch":6,"minecraft:dirt":19,"minecraft:tuff":64,"minecraft:iron_hoe":45,"minecraft:lava_bucket":1,"minecraft:iron_block":2,"minecraft:furnace":11,"minecraft:cobbled_deepslate":141,"minecraft:water_bucket":37,"minecraft:mossy_stone_bricks":2,"minecraft:diorite":2,"minecraft:diamond_boots":1,"minecraft:rabbit":2,"minecraft:stone_pickaxe":49,"minecraft:oak_planks":9,"create:crimsite":3,"minecraft:wooden_pickaxe":29,"minecraft:sandstone":8,"minecraft:cut_sandstone":2,"minecraft:diamond_axe":77,"minecraft:salmon":1,"minecraft:crafting_table":13,"minecraft:dark_oak_door":3,"minecraft:diamond_pickaxe":588,"minecraft:diamond_shovel":29,"create:mechanical_press":3,"minecraft:dark_oak_log":2,"minecraft:bread":75,"minecraft:cyan_bed":6,"minecraft:iron_pickaxe":251,"minecraft:stone_axe":49,"minecraft:diamond_sword":71,"minecraft:cobblestone":8,"minecraft:bucket":38,"create:hand_crank":4,"minecraft:sea_pickle":2,"minecraft:experience_bottle":2},"minecraft:mined":{"create:zinc_ore":12,"create:deepslate_zinc_ore":12,"minecraft:tuff":75,"minecraft:stone_pressure_plate":1,"minecraft:deepslate_diamond_ore":19,"minecraft:fire_coral_wall_fan":3,"create:andesite_casing":2,"minecraft:dark_oak_log":11,"minecraft:obsidian":11,"minecraft:dark_oak_fence":12,"minecraft:tube_coral_wall_fan":2,"minecraft:red_sand":1,"minecraft:grass_block":5,"minecraft:horn_coral_wall_fan":2,"minecraft:sandstone":21,"minecraft:spawner":1,"minecraft:hay_block":90,"minecraft:tall_seagrass":7,"minecraft:raw_iron_block":1,"minecraft:furnace":11,"minecraft:iron_ore":14,"minecraft:cobbled_deepslate":4,"minecraft:andesite":60,"minecraft:deepslate_lapis_ore":10,"minecraft:enchanting_table":1,"minecraft:bookshelf":29,"minecraft:deepslate_iron_ore":63,"minecraft:flowering_azalea_leaves":1,"minecraft:azalea_leaves":6,"minecraft:iron_block":2,"minecraft:stone":45,"create:mechanical_press":3,"create:limestone":4,"minecraft:deepslate_redstone_ore":5,"minecraft:cut_sandstone":4,"minecraft:smooth_sandstone":20,"minecraft:crafting_table":12,"minecraft:torch":2,"minecraft:dead_bush":34,"minecraft:lectern":1,"minecraft:cyan_bed":7,"minecraft:deepslate_gold_ore":19,"minecraft:sugar_cane":15,"minecraft:oak_planks":1,"minecraft:diorite":7,"minecraft:iron_door":10,"minecraft:wall_torch":1,"minecraft:seagrass":1,"minecraft:dark_oak_slab":1,"minecraft:dark_oak_door":3,"minecraft:sea_pickle":2,"minecraft:wheat":7,"minecraft:tnt":9,"minecraft:grass":4,"minecraft:oak_log":17,"minecraft:coal_ore":24,"create:hand_crank":2,"minecraft:beetroots":1,"minecraft:bubble_coral_wall_fan":3,"minecraft:gravel":17,"minecraft:sand":22,"minecraft:dirt":18,"minecraft:cobweb":16,"minecraft:cracked_stone_bricks":3,"minecraft:terracotta":72,"minecraft:stone_bricks":3,"minecraft:mossy_stone_bricks":2,"create:crimsite":3,"minecraft:oak_leaves":3,"minecraft:deepslate":338},"minecraft:crafted":{"minecraft:oak_planks":44,"minecraft:raw_iron":9,"minecraft:stone_shovel":1,"minecraft:iron_nugget":27,"minecraft:furnace":3,"minecraft:dark_oak_door":3,"minecraft:diamond_helmet":1,"minecraft:diamond_leggings":1,"create:mechanical_press":1,"minecraft:iron_hoe":1,"minecraft:stone_pickaxe":1,"minecraft:diamond_boots":1,"minecraft:dark_oak_planks":24,"minecraft:stone_hoe":1,"minecraft:wheat":792,"create:andesite_alloy":13,"create:hand_crank":1,"minecraft:diamond_sword":1,"minecraft:diamond_axe":1,"minecraft:crafting_table":3,"minecraft:enchanting_table":1,"minecraft:wooden_pickaxe":1,"minecraft:bucket":1,"minecraft:stone_axe":1,"minecraft:bread":199,"minecraft:air":0,"create:encased_fan":1,"minecraft:diamond_pickaxe":1,"minecraft:shield":1,"minecraft:stick":12,"minecraft:iron_ingot":57,"minecraft:iron_pickaxe":1,"minecraft:iron_block":2,"create:propeller":1,"create:shaft":8,"minecraft:diamond_chestplate":1},"minecraft:broken":{"minecraft:iron_pickaxe":1},"minecraft:custom":{"minecraft:mob_kills":45,"minecraft:interact_with_crafting_table":37,"minecraft:leave_game":11,"minecraft:time_since_death":248907,"minecraft:climb_one_cm":1104,"minecraft:sprint_one_cm":396390,"minecraft:walk_one_cm":463242,"minecraft:damage_blocked_by_shield":2670,"minecraft:drop":52,"minecraft:play_time":259720,"minecraft:sneak_time":12065,"minecraft:deaths":1,"minecraft:walk_under_water_one_cm":58861,"minecraft:jump":3857,"minecraft:walk_on_water_one_cm":63147,"minecraft:enchant_item":7,"minecraft:total_world_time":259720,"minecraft:interact_with_furnace":46,"minecraft:sleep_in_bed":6,"minecraft:time_since_rest":9914,"minecraft:damage_taken":3423,"minecraft:damage_dealt":7078,"minecraft:swim_one_cm":99263,"minecraft:fly_one_cm":840105,"minecraft:open_chest":23,"minecraft:crouch_one_cm":30086,"minecraft:interact_with_smoker":1,"minecraft:fall_one_cm":114857},"minecraft:picked_up":{"minecraft:crafting_table":12,"minecraft:wheat":6,"minecraft:enchanted_book":1,"minecraft:string":15,"create:limestone":4,"minecraft:sea_pickle":4,"minecraft:red_sand":1,"create:mechanical_press":3,"minecraft:cobbled_deepslate":153,"minecraft:azalea":2,"minecraft:poppy":2,"minecraft:iron_pickaxe":1,"minecraft:lectern":1,"minecraft:sugar_cane":23,"minecraft:furnace":11,"minecraft:dark_oak_door":3,"minecraft:stick":34,"minecraft:raw_iron":79,"minecraft:sandstone":14,"minecraft:torch":10,"create:andesite_casing":2,"create:hand_crank":4,"minecraft:diorite":4,"minecraft:redstone":23,"minecraft:stone_pressure_plate":1,"minecraft:dark_oak_planks":11,"minecraft:rotten_flesh":5,"minecraft:tropical_fish":6,"minecraft:beetroot_seeds":1,"minecraft:hay_block":88,"minecraft:iron_block":2,"minecraft:obsidian":11,"minecraft:iron_bars":2,"minecraft:cobblestone":41,"minecraft:nautilus_shell":1,"minecraft:enchanting_table":1,"create:iron_sheet":4,"minecraft:iron_door":7,"minecraft:andesite":52,"minecraft:salmon":1,"minecraft:cut_sandstone":2,"minecraft:flint":3,"minecraft:oak_log":16,"minecraft:tuff":62,"create:raw_zinc":22,"minecraft:lapis_lazuli":107,"minecraft:dirt":19,"minecraft:smooth_sandstone":20,"minecraft:bone":4,"minecraft:bow":1,"minecraft:wheat_seeds":16,"minecraft:raw_gold":19,"minecraft:rabbit_hide":3,"minecraft:iron_ingot":14,"minecraft:diamond_helmet":1,"minecraft:mossy_stone_bricks":2,"minecraft:rabbit":2,"minecraft:flowering_azalea":2,"minecraft:oak_planks":1,"minecraft:book":87,"minecraft:dark_oak_slab":1,"minecraft:raw_iron_block":1,"minecraft:gravel":14,"minecraft:sand":19,"sophisticatedbackpacks:iron_backpack":1,"minecraft:cyan_bed":7,"minecraft:dark_oak_log":9,"minecraft:diamond_shovel":1,"create:crimsite":3,"minecraft:diamond":51,"minecraft:crossbow":3,"minecraft:golden_apple":1,"minecraft:bread":1,"minecraft:terracotta":70,"minecraft:dark_oak_fence":7,"minecraft:coal":24,"minecraft:diamond_pickaxe":1},"minecraft:dropped":{"minecraft:enchanted_book":2,"minecraft:stone_hoe":1,"minecraft:iron_ingot":16,"minecraft:bread":1,"minecraft:diamond":3,"minecraft:diorite":1,"minecraft:dark_oak_fence":6,"minecraft:green_dye":1,"minecraft:iron_door":7,"minecraft:diamond_helmet":1,"minecraft:iron_pickaxe":1,"minecraft:cactus":7,"minecraft:smooth_sandstone":20,"minecraft:gravel":7,"minecraft:stone_axe":1,"minecraft:cobbled_deepslate":12,"minecraft:stone_shovel":1,"minecraft:rotten_flesh":3,"minecraft:clay_ball":1,"minecraft:oak_planks":11,"minecraft:rabbit_hide":3,"minecraft:diamond_pickaxe":1,"minecraft:beetroot_seeds":1,"minecraft:stone_pressure_plate":1,"minecraft:sandstone":1,"minecraft:iron_bars":2,"minecraft:wooden_pickaxe":1,"minecraft:bow":1,"minecraft:nautilus_shell":1,"minecraft:terracotta":6},"minecraft:killed":{"minecraft:spider":1,"minecraft:skeleton":4,"minecraft:silverfish":8,"minecraft:drowned":1,"minecraft:tropical_fish":8,"minecraft:cat":1,"minecraft:husk":1,"minecraft:salmon":1,"minecraft:rabbit":6,"minecraft:iron_golem":2,"minecraft:pillager":10,"minecraft:zombie":1}},"DataVersion":2975}