{"stats":{"minecraft:used":{"create:limestone":4,"minecraft:enchanting_table":1,"minecraft:tropical_fish":6,"minecraft:stone_shovel":11,"minecraft:chest":2,"minecraft:shield":64,"minecraft:oak_door":2,"minecraft:torch":12,"minecraft:dirt":19,"cgm:workbench":2,"minecraft:tuff":64,"minecraft:iron_hoe":45,"minecraft:lava_bucket":1,"minecraft:iron_block":2,"minecraft:furnace":11,"minecraft:cobbled_deepslate":141,"minecraft:water_bucket":37,"minecraft:mossy_stone_bricks":2,"minecraft:diorite":2,"minecraft:diamond_boots":1,"minecraft:rabbit":2,"minecraft:stone_pickaxe":49,"minecraft:oak_planks":301,"create:crimsite":3,"minecraft:wooden_pickaxe":29,"minecraft:sandstone":8,"minecraft:cut_sandstone":2,"minecraft:diamond_axe":376,"minecraft:salmon":1,"create:encased_fan":5,"minecraft:crafting_table":16,"minecraft:light_gray_concrete_powder":7,"minecraft:dark_oak_door":3,"minecraft:oak_log":144,"minecraft:diamond_pickaxe":601,"minecraft:diamond_shovel":131,"create:mechanical_press":3,"minecraft:dark_oak_log":2,"minecraft:bread":90,"minecraft:cyan_bed":8,"minecraft:iron_pickaxe":251,"minecraft:cobblestone":8,"minecraft:stone_axe":49,"minecraft:diamond_sword":71,"minecraft:bucket":38,"minecraft:sea_pickle":2,"create:hand_crank":5,"minecraft:experience_bottle":2},"minecraft:mined":{"create:zinc_ore":12,"create:deepslate_zinc_ore":12,"minecraft:tuff":75,"minecraft:stone_pressure_plate":1,"minecraft:deepslate_diamond_ore":19,"minecraft:fire_coral_wall_fan":3,"create:andesite_casing":2,"minecraft:dark_oak_log":11,"minecraft:obsidian":11,"minecraft:dark_oak_fence":12,"minecraft:tube_coral_wall_fan":2,"minecraft:red_sand":1,"minecraft:grass_block":104,"create:encased_fan":5,"minecraft:horn_coral_wall_fan":2,"minecraft:sandstone":21,"cgm:workbench":1,"minecraft:spawner":1,"minecraft:hay_block":90,"minecraft:tall_seagrass":7,"minecraft:raw_iron_block":1,"minecraft:furnace":11,"minecraft:iron_ore":14,"minecraft:cobbled_deepslate":4,"minecraft:andesite":60,"minecraft:deepslate_lapis_ore":10,"minecraft:azure_bluet":1,"minecraft:enchanting_table":1,"minecraft:bookshelf":29,"minecraft:flowering_azalea_leaves":1,"minecraft:deepslate_iron_ore":63,"minecraft:light_gray_concrete":5,"minecraft:azalea_leaves":6,"minecraft:stone":45,"minecraft:iron_block":2,"create:mechanical_press":3,"create:limestone":4,"minecraft:deepslate_redstone_ore":5,"minecraft:cut_sandstone":4,"minecraft:light_gray_concrete_powder":2,"minecraft:smooth_sandstone":20,"minecraft:crafting_table":13,"minecraft:torch":2,"minecraft:dead_bush":34,"minecraft:lectern":1,"minecraft:tall_grass":15,"minecraft:oak_planks":11,"minecraft:deepslate_gold_ore":19,"minecraft:cyan_bed":8,"minecraft:sugar_cane":15,"minecraft:iron_door":10,"minecraft:diorite":7,"minecraft:wall_torch":1,"minecraft:seagrass":1,"minecraft:dark_oak_slab":1,"minecraft:dark_oak_door":3,"minecraft:sea_pickle":2,"minecraft:wheat":7,"minecraft:birch_leaves":1,"minecraft:tnt":9,"minecraft:grass":58,"minecraft:oak_log":285,"minecraft:coal_ore":24,"minecraft:beetroots":1,"minecraft:gravel":17,"create:hand_crank":2,"minecraft:bubble_coral_wall_fan":3,"minecraft:dirt":21,"minecraft:sand":23,"minecraft:cobweb":16,"minecraft:cracked_stone_bricks":3,"minecraft:terracotta":72,"minecraft:stone_bricks":3,"minecraft:mossy_stone_bricks":2,"create:crimsite":3,"minecraft:oak_leaves":15,"minecraft:deepslate":338},"minecraft:crafted":{"minecraft:oak_door":3,"minecraft:light_gray_concrete_powder":8,"minecraft:oak_planks":536,"minecraft:raw_iron":9,"minecraft:stone_shovel":1,"minecraft:iron_nugget":27,"minecraft:furnace":3,"minecraft:dark_oak_door":3,"minecraft:diamond_helmet":1,"minecraft:diamond_leggings":1,"create:mechanical_press":1,"minecraft:iron_hoe":1,"minecraft:stone_pickaxe":1,"minecraft:chest":2,"minecraft:diamond_boots":1,"minecraft:dark_oak_planks":52,"minecraft:stone_hoe":1,"cgm:workbench":1,"minecraft:wheat":792,"create:andesite_alloy":13,"create:hand_crank":1,"minecraft:diamond_sword":1,"minecraft:diamond_axe":1,"minecraft:crafting_table":4,"minecraft:enchanting_table":1,"minecraft:wooden_pickaxe":1,"minecraft:bucket":1,"minecraft:stone_axe":1,"minecraft:bread":199,"minecraft:air":0,"create:encased_fan":1,"minecraft:diamond_pickaxe":1,"minecraft:shield":1,"minecraft:stick":36,"minecraft:iron_ingot":66,"minecraft:iron_pickaxe":1,"minecraft:iron_block":2,"minecraft:light_gray_dye":1,"create:propeller":1,"create:shaft":8,"minecraft:torch":20,"minecraft:diamond_chestplate":1},"minecraft:broken":{"minecraft:iron_pickaxe":1},"minecraft:custom":{"minecraft:mob_kills":50,"minecraft:interact_with_crafting_table":46,"minecraft:leave_game":12,"minecraft:time_since_death":318814,"minecraft:climb_one_cm":1104,"minecraft:sprint_one_cm":541110,"minecraft:walk_one_cm":581579,"minecraft:damage_blocked_by_shield":2670,"minecraft:drop":61,"minecraft:play_time":329627,"minecraft:sneak_time":14025,"minecraft:deaths":1,"minecraft:walk_under_water_one_cm":62972,"minecraft:jump":5379,"minecraft:enchant_item":7,"minecraft:walk_on_water_one_cm":75309,"minecraft:total_world_time":329627,"minecraft:interact_with_furnace":46,"minecraft:sleep_in_bed":10,"minecraft:time_since_rest":3258,"minecraft:damage_taken":3715,"minecraft:damage_dealt":7518,"minecraft:swim_one_cm":159952,"minecraft:fly_one_cm":1265748,"minecraft:open_chest":27,"minecraft:crouch_one_cm":36654,"minecraft:horse_one_cm":6908,"minecraft:interact_with_smoker":1,"minecraft:fall_one_cm":165014},"minecraft:picked_up":{"minecraft:crafting_table":13,"minecraft:wheat":6,"minecraft:azure_bluet":1,"minecraft:enchanted_book":1,"minecraft:string":15,"create:limestone":4,"minecraft:sea_pickle":4,"minecraft:red_sand":1,"create:mechanical_press":3,"minecraft:cobbled_deepslate":153,"minecraft:beef":5,"minecraft:azalea":2,"minecraft:poppy":2,"minecraft:iron_pickaxe":1,"minecraft:lectern":1,"minecraft:sugar_cane":23,"minecraft:furnace":11,"minecraft:dark_oak_door":3,"minecraft:stick":37,"minecraft:raw_iron":79,"minecraft:sandstone":14,"minecraft:oak_door":2,"minecraft:torch":10,"create:andesite_casing":2,"create:hand_crank":5,"minecraft:diorite":4,"minecraft:redstone":23,"minecraft:stone_pressure_plate":1,"minecraft:dark_oak_planks":11,"minecraft:rotten_flesh":5,"minecraft:tropical_fish":6,"minecraft:beetroot_seeds":1,"minecraft:hay_block":88,"minecraft:iron_block":2,"minecraft:mutton":6,"minecraft:obsidian":11,"minecraft:iron_bars":2,"minecraft:white_wool":3,"minecraft:cobblestone":41,"minecraft:nautilus_shell":1,"minecraft:enchanting_table":1,"create:iron_sheet":4,"minecraft:iron_door":7,"minecraft:andesite":52,"minecraft:salmon":1,"minecraft:cut_sandstone":2,"minecraft:flint":3,"minecraft:oak_log":283,"minecraft:tuff":62,"create:raw_zinc":22,"minecraft:lapis_lazuli":107,"minecraft:dirt":120,"minecraft:light_gray_concrete_powder":2,"minecraft:smooth_sandstone":20,"minecraft:bone":4,"minecraft:apple":1,"minecraft:bow":1,"minecraft:wheat_seeds":22,"minecraft:raw_gold":19,"minecraft:rabbit_hide":3,"minecraft:iron_ingot":14,"minecraft:mossy_stone_bricks":2,"minecraft:diamond_helmet":1,"minecraft:rabbit":2,"minecraft:oak_planks":11,"minecraft:flowering_azalea":2,"minecraft:book":87,"minecraft:dark_oak_slab":1,"minecraft:raw_iron_block":1,"minecraft:gravel":14,"minecraft:sand":20,"sophisticatedbackpacks:iron_backpack":1,"minecraft:cyan_bed":8,"minecraft:dark_oak_log":9,"minecraft:light_gray_concrete":5,"minecraft:diamond_shovel":1,"create:crimsite":3,"minecraft:diamond":51,"create:encased_fan":5,"minecraft:crossbow":3,"minecraft:golden_apple":1,"minecraft:bread":1,"minecraft:oak_sapling":7,"minecraft:terracotta":70,"cgm:workbench":1,"minecraft:dark_oak_fence":7,"minecraft:coal":24,"minecraft:diamond_pickaxe":1},"minecraft:dropped":{"minecraft:enchanted_book":2,"minecraft:stone_hoe":1,"minecraft:iron_ingot":16,"minecraft:bread":1,"minecraft:diamond":3,"minecraft:diorite":2,"minecraft:dark_oak_fence":7,"minecraft:green_dye":1,"minecraft:iron_door":7,"minecraft:diamond_helmet":1,"minecraft:iron_pickaxe":1,"minecraft:cactus":7,"minecraft:string":1,"minecraft:smooth_sandstone":20,"minecraft:gravel":10,"minecraft:dark_oak_door":3,"minecraft:stone_axe":1,"minecraft:sugar_cane":3,"minecraft:cobbled_deepslate":12,"minecraft:stone_shovel":1,"minecraft:rotten_flesh":5,"minecraft:clay_ball":1,"minecraft:oak_planks":11,"minecraft:poppy":2,"minecraft:rabbit_hide":3,"minecraft:diamond_pickaxe":1,"minecraft:beetroot_seeds":1,"minecraft:red_sand":1,"minecraft:stone_pressure_plate":1,"minecraft:sandstone":1,"minecraft:iron_bars":2,"minecraft:bow":1,"minecraft:wooden_pickaxe":1,"minecraft:nautilus_shell":1,"minecraft:terracotta":6},"minecraft:killed":{"minecraft:spider":1,"minecraft:skeleton":4,"minecraft:silverfish":8,"minecraft:drowned":1,"minecraft:tropical_fish":8,"minecraft:cat":1,"minecraft:husk":1,"minecraft:salmon":1,"minecraft:iron_golem":2,"minecraft:rabbit":6,"minecraft:sheep":3,"minecraft:pillager":10,"minecraft:zombie":1,"minecraft:cow":2}},"DataVersion":2975}