{"stats":{"minecraft:crafted":{"minecraft:light_gray_concrete_powder":8,"minecraft:oak_door":3,"minecraft:oak_planks":536,"minecraft:raw_iron":9,"minecraft:stone_shovel":1,"minecraft:iron_nugget":27,"minecraft:furnace":3,"minecraft:bookshelf":26,"minecraft:cooked_mutton":5,"minecraft:dark_oak_door":3,"minecraft:diamond_helmet":1,"minecraft:diamond_leggings":1,"create:mechanical_press":1,"minecraft:iron_hoe":1,"minecraft:stone_pickaxe":1,"minecraft:chest":2,"minecraft:diamond_boots":1,"minecraft:dark_oak_planks":52,"minecraft:stone_hoe":1,"cgm:workbench":1,"minecraft:wheat":792,"create:andesite_alloy":13,"create:hand_crank":1,"minecraft:diamond_sword":1,"minecraft:diamond_axe":1,"minecraft:crafting_table":4,"minecraft:enchanting_table":1,"minecraft:wooden_pickaxe":1,"minecraft:copper_ingot":93,"minecraft:bucket":1,"minecraft:stone_axe":1,"minecraft:bread":199,"minecraft:air":0,"minecraft:blue_dye":1,"create:encased_fan":1,"minecraft:diamond_pickaxe":1,"minecraft:shield":1,"minecraft:stick":36,"minecraft:iron_ingot":152,"minecraft:iron_pickaxe":1,"minecraft:iron_block":2,"minecraft:gold_ingot":5,"minecraft:light_gray_dye":1,"create:propeller":1,"create:shaft":8,"minecraft:torch":20,"minecraft:diamond_chestplate":1},"minecraft:custom":{"minecraft:mob_kills":103,"minecraft:interact_with_crafting_table":47,"minecraft:leave_game":13,"minecraft:time_since_death":15575,"minecraft:climb_one_cm":1104,"minecraft:sprint_one_cm":721755,"minecraft:damage_blocked_by_shield":3100,"minecraft:walk_one_cm":760469,"minecraft:drop":159,"minecraft:play_time":417286,"minecraft:sneak_time":14898,"minecraft:deaths":2,"minecraft:walk_under_water_one_cm":76243,"minecraft:jump":7394,"minecraft:enchant_item":14,"minecraft:walk_on_water_one_cm":96919,"minecraft:total_world_time":417286,"minecraft:interact_with_furnace":94,"minecraft:sleep_in_bed":14,"minecraft:time_since_rest":15610,"minecraft:damage_taken":5703,"minecraft:damage_dealt":11236,"minecraft:swim_one_cm":161788,"minecraft:fly_one_cm":1707880,"minecraft:open_chest":46,"minecraft:crouch_one_cm":39341,"minecraft:fall_one_cm":230688,"minecraft:interact_with_smoker":1,"minecraft:horse_one_cm":6908},"minecraft:mined":{"create:deepslate_zinc_ore":12,"create:zinc_ore":12,"minecraft:tuff":75,"minecraft:stone_pressure_plate":1,"minecraft:deepslate_diamond_ore":22,"minecraft:fire_coral_wall_fan":3,"create:andesite_casing":2,"minecraft:dark_oak_log":11,"minecraft:obsidian":11,"minecraft:dark_oak_fence":12,"minecraft:granite":3,"minecraft:red_sand":1,"minecraft:tube_coral_wall_fan":2,"minecraft:grass_block":109,"create:encased_fan":5,"minecraft:horn_coral_wall_fan":2,"minecraft:sandstone":21,"minecraft:spawner":1,"cgm:workbench":1,"minecraft:hay_block":90,"minecraft:tall_seagrass":7,"minecraft:raw_iron_block":1,"minecraft:furnace":11,"minecraft:iron_ore":61,"minecraft:cobbled_deepslate":4,"minecraft:andesite":62,"minecraft:deepslate_lapis_ore":14,"minecraft:enchanting_table":1,"minecraft:azure_bluet":1,"minecraft:bookshelf":29,"minecraft:flowering_azalea_leaves":1,"minecraft:deepslate_iron_ore":75,"minecraft:light_gray_concrete":5,"minecraft:azalea_leaves":6,"minecraft:stone":186,"minecraft:iron_block":2,"create:mechanical_press":3,"create:limestone":4,"minecraft:deepslate_redstone_ore":5,"minecraft:cut_sandstone":4,"minecraft:light_gray_concrete_powder":2,"minecraft:smooth_sandstone":20,"minecraft:crafting_table":13,"minecraft:torch":2,"minecraft:dead_bush":34,"minecraft:lectern":1,"minecraft:copper_ore":29,"minecraft:tall_grass":15,"minecraft:oak_planks":12,"minecraft:deepslate_gold_ore":20,"minecraft:cyan_bed":8,"minecraft:sugar_cane":15,"minecraft:iron_door":10,"minecraft:diorite":7,"minecraft:wall_torch":1,"minecraft:seagrass":1,"minecraft:dark_oak_slab":1,"minecraft:dark_oak_door":3,"minecraft:sea_pickle":2,"minecraft:wheat":7,"minecraft:birch_leaves":1,"minecraft:tnt":9,"minecraft:grass":66,"minecraft:beetroots":1,"minecraft:coal_ore":35,"minecraft:oak_log":285,"minecraft:gravel":17,"create:hand_crank":2,"minecraft:bubble_coral_wall_fan":3,"minecraft:dirt":22,"minecraft:sand":23,"minecraft:cobweb":16,"minecraft:cracked_stone_bricks":3,"minecraft:terracotta":72,"minecraft:stone_bricks":3,"minecraft:gold_ore":4,"minecraft:mossy_stone_bricks":2,"create:crimsite":3,"minecraft:deepslate":338,"minecraft:oak_leaves":19},"minecraft:killed_by":{"minecraft:skeleton":1},"minecraft:used":{"create:limestone":4,"minecraft:enchanting_table":2,"minecraft:tropical_fish":6,"minecraft:stone_shovel":11,"minecraft:chest":2,"minecraft:shield":78,"minecraft:oak_door":4,"minecraft:torch":15,"minecraft:dirt":23,"cgm:workbench":2,"minecraft:diamond_helmet":1,"minecraft:tuff":64,"minecraft:iron_hoe":45,"minecraft:lava_bucket":1,"minecraft:bookshelf":26,"minecraft:iron_block":2,"minecraft:furnace":14,"minecraft:cobbled_deepslate":142,"minecraft:cooked_mutton":3,"minecraft:water_bucket":37,"minecraft:mossy_stone_bricks":2,"minecraft:diorite":2,"minecraft:diamond_boots":1,"minecraft:rabbit":2,"minecraft:ender_pearl":1,"cgm:pistol":111,"minecraft:stone_pickaxe":49,"minecraft:oak_planks":338,"create:crimsite":3,"minecraft:wooden_pickaxe":29,"minecraft:sandstone":8,"minecraft:cut_sandstone":2,"minecraft:diamond_axe":379,"minecraft:salmon":1,"create:encased_fan":5,"minecraft:crafting_table":16,"minecraft:crossbow":4,"minecraft:light_gray_concrete_powder":7,"minecraft:dark_oak_door":3,"minecraft:oak_log":144,"minecraft:diamond_pickaxe":860,"minecraft:diamond_shovel":131,"create:mechanical_press":3,"minecraft:dark_oak_log":2,"minecraft:bread":125,"minecraft:cyan_bed":8,"minecraft:iron_pickaxe":251,"minecraft:diamond_leggings":1,"cgm:assault_rifle":64,"minecraft:stone_axe":49,"minecraft:diamond_sword":136,"minecraft:cobblestone":8,"minecraft:bucket":38,"minecraft:sea_pickle":2,"create:hand_crank":5,"minecraft:experience_bottle":2},"minecraft:broken":{"minecraft:shield":1,"minecraft:iron_pickaxe":1},"minecraft:picked_up":{"minecraft:crafting_table":13,"minecraft:azure_bluet":1,"minecraft:wheat":6,"cgm:basic_bullet":320,"minecraft:diamond_sword":1,"minecraft:enchanted_book":1,"minecraft:string":21,"minecraft:raw_copper":109,"create:limestone":4,"minecraft:sea_pickle":4,"minecraft:diamond_leggings":1,"minecraft:red_sand":1,"create:mechanical_press":3,"minecraft:cobbled_deepslate":155,"minecraft:beef":8,"minecraft:azalea":2,"minecraft:poppy":5,"minecraft:iron_pickaxe":1,"minecraft:lectern":1,"minecraft:sugar_cane":23,"cgm:advanced_bullet":128,"minecraft:furnace":11,"minecraft:dark_oak_door":3,"minecraft:raw_iron":142,"minecraft:stick":37,"minecraft:sandstone":14,"minecraft:oak_door":2,"minecraft:torch":10,"create:andesite_casing":2,"create:hand_crank":5,"minecraft:diorite":4,"minecraft:redstone":23,"minecraft:stone_pressure_plate":1,"minecraft:dark_oak_planks":11,"minecraft:arrow":11,"minecraft:rotten_flesh":14,"minecraft:tropical_fish":6,"minecraft:beetroot_seeds":1,"cgm:assault_rifle":1,"minecraft:hay_block":88,"minecraft:iron_block":2,"minecraft:obsidian":11,"minecraft:mutton":10,"minecraft:iron_bars":2,"minecraft:white_wool":4,"minecraft:cobblestone":304,"minecraft:nautilus_shell":1,"minecraft:enchanting_table":1,"create:iron_sheet":4,"minecraft:glow_ink_sac":8,"minecraft:iron_door":7,"minecraft:salmon":1,"minecraft:andesite":54,"minecraft:leather":8,"minecraft:cut_sandstone":2,"minecraft:potato":2,"minecraft:flint":3,"minecraft:tuff":62,"create:raw_zinc":22,"minecraft:oak_log":283,"cgm:heavy_rifle":1,"minecraft:gunpowder":18,"minecraft:lapis_lazuli":140,"minecraft:dirt":126,"minecraft:light_gray_concrete_powder":2,"minecraft:cooked_mutton":1,"minecraft:smooth_sandstone":20,"minecraft:bone":15,"minecraft:apple":1,"minecraft:bow":1,"minecraft:wheat_seeds":22,"minecraft:raw_gold":24,"minecraft:rabbit_hide":3,"minecraft:iron_ingot":21,"minecraft:mossy_stone_bricks":2,"minecraft:rabbit":2,"minecraft:diamond_helmet":2,"minecraft:oak_planks":12,"minecraft:flowering_azalea":2,"minecraft:book":87,"minecraft:dark_oak_slab":1,"minecraft:raw_iron_block":1,"minecraft:gravel":14,"minecraft:sand":20,"sophisticatedbackpacks:iron_backpack":2,"minecraft:cyan_bed":8,"minecraft:diamond_axe":1,"minecraft:dark_oak_log":9,"cgm:pistol":2,"minecraft:light_gray_concrete":5,"minecraft:diamond_shovel":1,"create:crimsite":3,"minecraft:diamond":57,"minecraft:ender_pearl":1,"create:encased_fan":5,"minecraft:crossbow":3,"minecraft:granite":3,"minecraft:black_wool":1,"minecraft:golden_apple":1,"minecraft:bread":21,"minecraft:terracotta":70,"minecraft:oak_sapling":7,"minecraft:dark_oak_fence":7,"cgm:workbench":1,"minecraft:coal":35,"minecraft:diamond_pickaxe":2},"minecraft:killed":{"minecraft:spider":4,"minecraft:horse":5,"minecraft:skeleton":14,"minecraft:silverfish":8,"minecraft:drowned":1,"minecraft:tropical_fish":8,"minecraft:cat":2,"minecraft:husk":2,"minecraft:pig":1,"minecraft:salmon":1,"minecraft:iron_golem":4,"minecraft:rabbit":6,"minecraft:creeper":13,"minecraft:sheep":5,"minecraft:pillager":10,"minecraft:zombie":10,"minecraft:enderman":1,"minecraft:villager":1,"minecraft:cow":4},"minecraft:dropped":{"minecraft:enchanted_book":2,"minecraft:stone_hoe":1,"minecraft:iron_ingot":16,"minecraft:bread":1,"minecraft:diamond":3,"minecraft:diorite":2,"minecraft:dark_oak_fence":7,"minecraft:green_dye":1,"minecraft:iron_door":7,"minecraft:diamond_helmet":1,"minecraft:iron_pickaxe":1,"minecraft:cactus":7,"minecraft:string":1,"minecraft:smooth_sandstone":20,"minecraft:gravel":10,"minecraft:dark_oak_door":3,"cgm:advanced_bullet":96,"minecraft:stone_axe":1,"minecraft:sugar_cane":3,"minecraft:cobbled_deepslate":12,"minecraft:raw_copper":16,"minecraft:stone_shovel":1,"minecraft:rotten_flesh":5,"minecraft:clay_ball":1,"minecraft:oak_planks":11,"minecraft:cooked_mutton":1,"minecraft:poppy":2,"minecraft:rabbit_hide":3,"minecraft:diamond_pickaxe":1,"minecraft:beetroot_seeds":1,"minecraft:stone_pressure_plate":1,"minecraft:sandstone":1,"minecraft:iron_bars":2,"minecraft:bow":1,"minecraft:red_sand":1,"minecraft:wooden_pickaxe":1,"minecraft:nautilus_shell":1,"minecraft:terracotta":6}},"DataVersion":2975}