{"stats":{"minecraft:used":{"minecraft:stone_sword":113,"minecraft:red_sand":1,"minecraft:acacia_log":10,"minecraft:chest":2,"minecraft:shield":58,"minecraft:wooden_shovel":118,"minecraft:cooked_salmon":17,"minecraft:rotten_flesh":2,"minecraft:torch":304,"minecraft:dirt":14,"minecraft:carrot":1,"minecraft:diamond_helmet":1,"minecraft:golden_shovel":33,"minecraft:tuff":60,"minecraft:wooden_axe":27,"minecraft:bookshelf":4,"minecraft:iron_axe":29,"minecraft:hay_block":9,"minecraft:furnace":5,"minecraft:potato":9,"minecraft:cobbled_deepslate":114,"minecraft:pumpkin":3,"minecraft:diorite":14,"minecraft:stone_pickaxe":131,"minecraft:sandstone":18,"minecraft:oak_planks":21,"minecraft:wooden_pickaxe":13,"minecraft:diamond_axe":42,"minecraft:cracked_stone_bricks":4,"minecraft:sand":58,"minecraft:crafting_table":22,"minecraft:diamond_pickaxe":334,"minecraft:diamond_shovel":45,"minecraft:bread":82,"minecraft:cyan_bed":6,"minecraft:iron_pickaxe":470,"minecraft:iron_door":1,"minecraft:gravel":5,"minecraft:stone_axe":109,"minecraft:diamond_sword":70,"minecraft:cobblestone":81,"minecraft:porkchop":1,"minecraft:andesite":14,"minecraft:bone_meal":9,"minecraft:experience_bottle":1},"minecraft:mined":{"minecraft:dark_oak_planks":1,"create:deepslate_zinc_ore":8,"minecraft:tuff":61,"minecraft:deepslate_diamond_ore":112,"create:andesite_casing":6,"minecraft:dark_oak_log":16,"minecraft:dark_oak_fence":9,"minecraft:granite":13,"minecraft:red_sand":1,"minecraft:acacia_log":38,"minecraft:grass_block":4,"minecraft:sandstone":51,"minecraft:spawner":1,"minecraft:hay_block":100,"minecraft:tall_seagrass":3,"minecraft:furnace":5,"minecraft:iron_ore":14,"minecraft:cobbled_deepslate":13,"minecraft:andesite":26,"minecraft:pumpkin":3,"minecraft:deepslate_lapis_ore":6,"minecraft:bookshelf":17,"minecraft:flowering_azalea_leaves":2,"minecraft:deepslate_iron_ore":71,"minecraft:green_carpet":2,"minecraft:azalea_leaves":8,"minecraft:stone":113,"create:limestone":3,"minecraft:deepslate_redstone_ore":16,"minecraft:cut_sandstone":3,"minecraft:acacia_leaves":4,"minecraft:infested_stone_bricks":1,"minecraft:orange_terracotta":1,"minecraft:dandelion":2,"minecraft:oak_fence":1,"minecraft:smooth_sandstone":7,"minecraft:light_gray_terracotta":1,"minecraft:crafting_table":22,"minecraft:torch":6,"minecraft:poppy":4,"minecraft:chest":1,"minecraft:tall_grass":12,"minecraft:cobblestone":5,"minecraft:oak_planks":7,"minecraft:deepslate_gold_ore":6,"minecraft:cyan_bed":7,"minecraft:sugar_cane":3,"minecraft:iron_door":1,"minecraft:diorite":12,"minecraft:wall_torch":7,"minecraft:seagrass":3,"minecraft:grass":95,"minecraft:oak_log":21,"minecraft:coal_ore":117,"minecraft:gravel":12,"minecraft:sand":184,"minecraft:dirt":21,"minecraft:cobweb":4,"minecraft:cracked_stone_bricks":3,"minecraft:terracotta":17,"minecraft:stone_bricks":9,"minecraft:gold_ore":15,"minecraft:mossy_stone_bricks":3,"create:crimsite":9,"minecraft:deepslate":213},"minecraft:crafted":{"minecraft:oak_planks":52,"minecraft:iron_nugget":18,"minecraft:furnace":2,"minecraft:bone_meal":9,"minecraft:diamond_shovel":2,"minecraft:bookshelf":4,"minecraft:diamond_helmet":1,"minecraft:diamond_leggings":1,"minecraft:iron_axe":1,"minecraft:stone_pickaxe":1,"minecraft:chest":1,"minecraft:diamond_boots":1,"minecraft:wheat":459,"create:andesite_alloy":6,"minecraft:wooden_shovel":2,"minecraft:diamond_sword":2,"minecraft:emerald":1,"minecraft:diamond_axe":1,"minecraft:crafting_table":4,"minecraft:wooden_pickaxe":1,"minecraft:iron_helmet":1,"minecraft:cooked_salmon":17,"minecraft:stone_axe":1,"minecraft:bread":159,"minecraft:air":0,"minecraft:diamond_pickaxe":1,"minecraft:charcoal":8,"minecraft:shield":2,"minecraft:stick":116,"minecraft:iron_ingot":74,"minecraft:iron_pickaxe":2,"minecraft:wooden_axe":1,"minecraft:stone_sword":1,"minecraft:iron_leggings":1,"minecraft:gold_ingot":7,"minecraft:acacia_planks":96,"minecraft:torch":292,"create:zinc_ingot":8,"minecraft:diamond_chestplate":2},"minecraft:broken":{"minecraft:wooden_shovel":2,"minecraft:stone_sword":1,"minecraft:golden_shovel":1,"minecraft:stone_pickaxe":1,"minecraft:stone_axe":1,"minecraft:iron_pickaxe":1},"minecraft:custom":{"minecraft:mob_kills":62,"minecraft:interact_with_crafting_table":50,"minecraft:bell_ring":1,"minecraft:leave_game":19,"minecraft:time_since_death":101464,"minecraft:climb_one_cm":1277,"minecraft:sprint_one_cm":769467,"minecraft:walk_one_cm":656045,"minecraft:damage_blocked_by_shield":2185,"minecraft:drop":45,"minecraft:talked_to_villager":3,"minecraft:play_time":308932,"minecraft:sneak_time":4658,"minecraft:deaths":2,"minecraft:walk_under_water_one_cm":34514,"minecraft:jump":6780,"minecraft:walk_on_water_one_cm":38154,"minecraft:enchant_item":5,"minecraft:total_world_time":308932,"minecraft:interact_with_furnace":69,"minecraft:traded_with_villager":2,"minecraft:interact_with_cartography_table":1,"minecraft:sleep_in_bed":8,"minecraft:time_since_rest":6823,"minecraft:damage_taken":4352,"minecraft:damage_dealt":10390,"minecraft:swim_one_cm":101191,"minecraft:fly_one_cm":1440256,"minecraft:open_chest":50,"minecraft:crouch_one_cm":10277,"minecraft:interact_with_smoker":1,"minecraft:fall_one_cm":182889},"minecraft:picked_up":{"minecraft:charcoal":3,"minecraft:crafting_table":23,"minecraft:wheat":106,"minecraft:chicken":1,"minecraft:enchanted_book":1,"minecraft:golden_shovel":1,"minecraft:string":11,"minecraft:iron_axe":1,"minecraft:flint_and_steel":2,"minecraft:cracked_stone_bricks":4,"minecraft:diamond_leggings":1,"minecraft:red_sand":1,"minecraft:cobbled_deepslate":212,"minecraft:beef":5,"minecraft:poppy":3,"minecraft:iron_pickaxe":1,"minecraft:sugar_cane":14,"minecraft:chest":2,"minecraft:furnace":6,"minecraft:stick":17,"minecraft:raw_iron":80,"minecraft:sandstone":51,"minecraft:oak_fence":1,"minecraft:torch":35,"minecraft:acacia_log":66,"create:andesite_casing":6,"minecraft:porkchop":5,"minecraft:diorite":14,"minecraft:carrot":1,"minecraft:redstone":132,"create:zinc_ingot":8,"minecraft:stone_pressure_plate":1,"minecraft:dark_oak_planks":2,"minecraft:tnt":9,"minecraft:stone_sword":1,"minecraft:arrow":17,"minecraft:rotten_flesh":15,"minecraft:diamond_boots":1,"minecraft:hay_block":112,"minecraft:obsidian":1,"minecraft:cobblestone":125,"minecraft:enchanting_table":1,"minecraft:clock":1,"minecraft:iron_door":1,"minecraft:andesite":35,"minecraft:salmon":17,"minecraft:cut_sandstone":5,"minecraft:leather":2,"minecraft:potato":6,"minecraft:oak_log":21,"minecraft:tuff":60,"create:raw_zinc":8,"minecraft:golden_boots":2,"minecraft:gunpowder":8,"minecraft:lapis_lazuli":116,"minecraft:dirt":32,"minecraft:orange_terracotta":1,"minecraft:smooth_sandstone":7,"minecraft:bone":16,"minecraft:stone_bricks":11,"minecraft:wheat_seeds":10,"minecraft:raw_gold":23,"minecraft:rabbit_hide":2,"minecraft:iron_ingot":23,"minecraft:stone_pickaxe":1,"minecraft:mossy_stone_bricks":2,"minecraft:diamond_helmet":1,"minecraft:rabbit":3,"minecraft:oak_planks":47,"minecraft:acacia_sapling":14,"minecraft:book":51,"minecraft:pumpkin":6,"minecraft:dandelion":2,"minecraft:gravel":7,"minecraft:sand":281,"minecraft:grass_block":2,"minecraft:cyan_bed":8,"minecraft:green_carpet":2,"minecraft:dark_oak_log":36,"minecraft:spider_eye":1,"minecraft:light_gray_terracotta":1,"minecraft:diamond":115,"minecraft:stone_axe":1,"minecraft:granite":13,"minecraft:diamond_axe":2,"minecraft:bone_meal":2,"minecraft:golden_apple":1,"minecraft:terracotta":17,"minecraft:dark_oak_fence":16,"minecraft:coal":180,"minecraft:diamond_pickaxe":1},"minecraft:dropped":{"sophisticatedbackpacks:iron_backpack":1,"minecraft:golden_boots":1,"minecraft:iron_ingot":4,"minecraft:wheat_seeds":10,"minecraft:diamond_axe":1,"minecraft:diamond":32,"minecraft:granite":13,"minecraft:grass_block":2,"minecraft:golden_apple":1,"minecraft:stick":13,"minecraft:dirt":18,"minecraft:dark_oak_log":21,"minecraft:dark_oak_fence":8,"minecraft:green_carpet":2,"minecraft:iron_leggings":1,"minecraft:bone_meal":1,"minecraft:sand":5,"minecraft:string":10,"minecraft:bone":8,"minecraft:gravel":2,"minecraft:cobbled_deepslate":88,"minecraft:light_gray_terracotta":1,"minecraft:wheat":64,"minecraft:raw_iron":1,"minecraft:rotten_flesh":11,"minecraft:andesite":5,"minecraft:mossy_stone_bricks":2,"minecraft:spider_eye":1,"minecraft:sandstone":11,"minecraft:arrow":8,"minecraft:enchanting_table":1,"minecraft:terracotta":17},"minecraft:killed_by":{"minecraft:creeper":2},"minecraft:killed":{"minecraft:spider":1,"minecraft:skeleton":9,"minecraft:chicken":1,"minecraft:silverfish":4,"minecraft:drowned":2,"minecraft:husk":3,"minecraft:pig":2,"minecraft:salmon":18,"minecraft:rabbit":3,"minecraft:iron_golem":3,"minecraft:creeper":2,"minecraft:pillager":1,"minecraft:zombie":10,"minecraft:cow":2}},"DataVersion":2975}