{"stats":{"minecraft:crafted":{"minecraft:oak_planks":100,"minecraft:stone_shovel":3,"minecraft:iron_nugget":18,"minecraft:furnace":2,"minecraft:bone_meal":9,"minecraft:diamond_shovel":2,"minecraft:bookshelf":4,"minecraft:diamond_helmet":1,"minecraft:diamond_leggings":1,"minecraft:iron_axe":1,"minecraft:stone_pickaxe":1,"minecraft:chest":1,"minecraft:diamond_boots":1,"minecraft:wheat":711,"create:andesite_alloy":6,"minecraft:wooden_shovel":2,"minecraft:diamond_sword":2,"minecraft:emerald":7,"minecraft:diamond_axe":1,"minecraft:crafting_table":5,"minecraft:wooden_pickaxe":1,"minecraft:iron_helmet":1,"minecraft:smithing_table":1,"minecraft:cooked_salmon":17,"minecraft:fletching_table":1,"minecraft:stone_axe":4,"minecraft:bread":243,"minecraft:acacia_boat":1,"minecraft:air":0,"minecraft:diamond_pickaxe":1,"minecraft:charcoal":8,"minecraft:shield":2,"minecraft:stick":308,"minecraft:iron_ingot":74,"minecraft:iron_pickaxe":2,"minecraft:wooden_axe":2,"minecraft:stone_sword":1,"minecraft:iron_leggings":1,"minecraft:gold_ingot":7,"minecraft:acacia_planks":160,"minecraft:torch":292,"create:zinc_ingot":8,"minecraft:diamond_chestplate":2},"minecraft:custom":{"minecraft:interact_with_smithing_table":3,"minecraft:mob_kills":65,"minecraft:interact_with_crafting_table":56,"minecraft:bell_ring":1,"minecraft:leave_game":24,"minecraft:time_since_death":30030,"minecraft:climb_one_cm":1277,"minecraft:sprint_one_cm":849004,"minecraft:walk_one_cm":710709,"minecraft:damage_blocked_by_shield":2185,"minecraft:drop":46,"minecraft:talked_to_villager":25,"minecraft:play_time":345816,"minecraft:sneak_time":4959,"minecraft:deaths":4,"minecraft:walk_under_water_one_cm":40369,"minecraft:boat_one_cm":1815,"minecraft:jump":7402,"minecraft:walk_on_water_one_cm":41935,"minecraft:enchant_item":5,"minecraft:total_world_time":345816,"minecraft:interact_with_furnace":69,"minecraft:traded_with_villager":14,"minecraft:interact_with_cartography_table":1,"minecraft:sleep_in_bed":10,"minecraft:time_since_rest":16119,"minecraft:damage_taken":5286,"minecraft:damage_dealt":11152,"minecraft:swim_one_cm":104064,"minecraft:fly_one_cm":1588782,"minecraft:open_chest":61,"minecraft:crouch_one_cm":11240,"minecraft:interact_with_smoker":1,"minecraft:fall_one_cm":202718},"minecraft:mined":{"minecraft:dark_oak_planks":1,"create:deepslate_zinc_ore":8,"minecraft:tuff":61,"minecraft:deepslate_diamond_ore":112,"create:andesite_casing":6,"minecraft:dark_oak_log":16,"minecraft:dark_oak_fence":9,"minecraft:granite":13,"minecraft:red_sand":1,"minecraft:acacia_log":55,"minecraft:grass_block":9,"minecraft:composter":1,"minecraft:sandstone":51,"minecraft:spawner":1,"minecraft:hay_block":130,"minecraft:tall_seagrass":3,"minecraft:furnace":5,"minecraft:iron_ore":16,"minecraft:cobbled_deepslate":13,"minecraft:andesite":26,"minecraft:pumpkin":3,"minecraft:fletching_table":6,"minecraft:deepslate_lapis_ore":6,"minecraft:bookshelf":17,"minecraft:flowering_azalea_leaves":2,"minecraft:deepslate_iron_ore":71,"minecraft:green_carpet":2,"minecraft:azalea_leaves":8,"minecraft:stone":113,"create:limestone":3,"minecraft:smithing_table":7,"minecraft:deepslate_redstone_ore":16,"minecraft:cut_sandstone":3,"minecraft:acacia_leaves":4,"minecraft:infested_stone_bricks":1,"minecraft:orange_terracotta":1,"minecraft:dandelion":2,"minecraft:oak_fence":1,"minecraft:smooth_sandstone":7,"minecraft:light_gray_terracotta":1,"minecraft:crafting_table":24,"minecraft:torch":6,"minecraft:poppy":4,"minecraft:chest":1,"minecraft:tall_grass":12,"minecraft:cobblestone":5,"minecraft:oak_planks":7,"minecraft:deepslate_gold_ore":6,"minecraft:cyan_bed":7,"minecraft:sugar_cane":3,"minecraft:iron_door":1,"minecraft:wall_torch":7,"minecraft:diorite":12,"minecraft:seagrass":3,"minecraft:grass":102,"minecraft:oak_log":33,"minecraft:coal_ore":117,"minecraft:gravel":12,"minecraft:sand":184,"minecraft:dirt":27,"minecraft:cobweb":4,"minecraft:cracked_stone_bricks":3,"minecraft:terracotta":17,"minecraft:oak_leaves":6,"minecraft:stone_bricks":9,"minecraft:gold_ore":15,"minecraft:mossy_stone_bricks":3,"create:crimsite":9,"minecraft:deepslate":213},"minecraft:killed_by":{"minecraft:creeper":2,"minecraft:drowned":1},"minecraft:used":{"minecraft:stone_sword":113,"minecraft:red_sand":1,"minecraft:acacia_log":11,"minecraft:chest":2,"minecraft:shield":58,"minecraft:wooden_shovel":118,"minecraft:cooked_salmon":17,"minecraft:rotten_flesh":2,"minecraft:torch":304,"minecraft:dirt":16,"minecraft:carrot":1,"minecraft:diamond_helmet":1,"minecraft:golden_shovel":33,"minecraft:tuff":60,"minecraft:wooden_axe":62,"minecraft:bookshelf":4,"minecraft:iron_axe":29,"minecraft:hay_block":11,"minecraft:furnace":5,"minecraft:egg":2,"minecraft:potato":9,"minecraft:cobbled_deepslate":114,"minecraft:pumpkin":3,"cgm:heavy_rifle":2,"minecraft:acacia_boat":1,"minecraft:diorite":14,"minecraft:fletching_table":7,"minecraft:sandstone":18,"minecraft:stone_pickaxe":131,"minecraft:oak_planks":21,"minecraft:wooden_pickaxe":13,"minecraft:diamond_axe":43,"minecraft:cracked_stone_bricks":4,"minecraft:sand":58,"minecraft:crafting_table":24,"minecraft:diamond_pickaxe":336,"minecraft:apple":4,"minecraft:diamond_shovel":57,"minecraft:bread":88,"minecraft:cyan_bed":6,"minecraft:iron_pickaxe":470,"minecraft:iron_door":1,"minecraft:gravel":5,"minecraft:stone_axe":132,"minecraft:diamond_sword":70,"minecraft:cobblestone":81,"minecraft:smithing_table":8,"minecraft:porkchop":1,"minecraft:andesite":14,"minecraft:bone_meal":9,"minecraft:experience_bottle":1},"minecraft:broken":{"minecraft:wooden_shovel":2,"minecraft:stone_sword":1,"minecraft:golden_shovel":1,"minecraft:stone_pickaxe":1,"minecraft:stone_axe":1,"minecraft:iron_pickaxe":1},"minecraft:picked_up":{"minecraft:charcoal":3,"minecraft:crafting_table":25,"minecraft:wheat":106,"minecraft:chicken":1,"minecraft:smithing_table":7,"minecraft:lead":1,"minecraft:enchanted_book":1,"minecraft:golden_shovel":1,"minecraft:string":11,"minecraft:iron_axe":1,"minecraft:flint_and_steel":2,"minecraft:cracked_stone_bricks":4,"minecraft:diamond_leggings":1,"minecraft:red_sand":1,"minecraft:cobbled_deepslate":212,"minecraft:beef":5,"minecraft:poppy":3,"minecraft:iron_pickaxe":1,"minecraft:sugar_cane":14,"minecraft:chest":2,"cgm:advanced_bullet":96,"minecraft:egg":3,"minecraft:furnace":6,"minecraft:stick":21,"minecraft:raw_iron":82,"minecraft:sandstone":51,"minecraft:composter":1,"minecraft:oak_fence":1,"minecraft:torch":35,"minecraft:acacia_log":83,"create:andesite_casing":6,"minecraft:porkchop":5,"minecraft:diorite":14,"minecraft:carrot":1,"minecraft:redstone":132,"create:zinc_ingot":8,"minecraft:stone_pressure_plate":1,"minecraft:dark_oak_planks":2,"minecraft:tnt":9,"minecraft:stone_sword":1,"minecraft:arrow":17,"minecraft:rotten_flesh":17,"minecraft:diamond_boots":1,"minecraft:hay_block":142,"minecraft:obsidian":1,"minecraft:cobblestone":125,"minecraft:enchanting_table":1,"minecraft:clock":1,"minecraft:iron_door":1,"minecraft:andesite":35,"minecraft:salmon":17,"minecraft:cut_sandstone":5,"minecraft:leather":2,"minecraft:potato":6,"minecraft:oak_log":33,"minecraft:tuff":60,"create:raw_zinc":8,"minecraft:golden_boots":2,"minecraft:gunpowder":8,"minecraft:acacia_boat":1,"minecraft:lapis_lazuli":116,"minecraft:dirt":43,"minecraft:orange_terracotta":1,"minecraft:smooth_sandstone":7,"minecraft:bone":16,"minecraft:stone_bricks":11,"minecraft:wheat_seeds":11,"minecraft:raw_gold":23,"minecraft:rabbit_hide":2,"minecraft:iron_ingot":23,"minecraft:stone_pickaxe":1,"minecraft:fletching_table":6,"minecraft:mossy_stone_bricks":2,"minecraft:diamond_helmet":1,"minecraft:rabbit":3,"minecraft:oak_planks":47,"minecraft:acacia_sapling":15,"minecraft:book":51,"minecraft:pumpkin":6,"minecraft:dandelion":2,"minecraft:gravel":7,"minecraft:sand":281,"minecraft:grass_block":2,"minecraft:cyan_bed":8,"minecraft:green_carpet":2,"minecraft:dark_oak_log":36,"minecraft:spider_eye":1,"minecraft:light_gray_terracotta":1,"minecraft:diamond":115,"minecraft:stone_axe":1,"minecraft:granite":13,"minecraft:diamond_axe":2,"minecraft:bone_meal":2,"minecraft:golden_apple":1,"minecraft:oak_sapling":6,"minecraft:terracotta":17,"minecraft:dark_oak_fence":16,"minecraft:coal":180,"minecraft:diamond_pickaxe":1},"minecraft:killed":{"minecraft:spider":1,"minecraft:skeleton":9,"minecraft:chicken":1,"minecraft:silverfish":4,"minecraft:drowned":2,"minecraft:husk":3,"minecraft:pig":2,"minecraft:salmon":18,"minecraft:rabbit":3,"minecraft:iron_golem":3,"minecraft:wandering_trader":1,"minecraft:creeper":2,"minecraft:trader_llama":2,"minecraft:pillager":1,"minecraft:zombie":10,"minecraft:cow":2},"minecraft:dropped":{"sophisticatedbackpacks:iron_backpack":1,"minecraft:golden_boots":1,"minecraft:iron_ingot":4,"minecraft:wheat_seeds":10,"minecraft:diamond_axe":1,"minecraft:diamond":32,"minecraft:granite":13,"minecraft:grass_block":2,"minecraft:golden_apple":1,"minecraft:stick":13,"minecraft:dirt":18,"minecraft:dark_oak_log":21,"minecraft:dark_oak_fence":8,"minecraft:green_carpet":2,"minecraft:iron_leggings":1,"minecraft:bone_meal":1,"minecraft:sand":5,"minecraft:string":10,"minecraft:bone":8,"minecraft:gravel":2,"minecraft:cobbled_deepslate":88,"minecraft:light_gray_terracotta":1,"minecraft:wheat":64,"minecraft:raw_iron":1,"minecraft:rotten_flesh":11,"minecraft:andesite":5,"minecraft:mossy_stone_bricks":2,"minecraft:spider_eye":1,"minecraft:sandstone":11,"minecraft:arrow":11,"minecraft:enchanting_table":1,"minecraft:terracotta":17}},"DataVersion":2975}