{"stats":{"minecraft:used":{"minecraft:stone_sword":33,"minecraft:enchanting_table":1,"minecraft:stone_shovel":28,"minecraft:chest":4,"minecraft:stone_hoe":2,"minecraft:brewing_stand":1,"minecraft:dirt":84,"cgm:workbench":1,"minecraft:hopper":1,"minecraft:carrot":8,"minecraft:azure_bluet":2,"minecraft:bookshelf":11,"minecraft:iron_axe":181,"create:mechanical_drill":1,"create:shaft":1,"minecraft:oak_sapling":7,"minecraft:furnace":2,"minecraft:egg":13,"minecraft:golden_axe":33,"minecraft:water_bucket":39,"minecraft:spruce_door":1,"minecraft:rabbit":2,"minecraft:cut_sandstone":2,"minecraft:stone_pickaxe":449,"minecraft:oak_planks":4,"minecraft:wooden_pickaxe":27,"minecraft:sandstone":9,"minecraft:composter":1,"minecraft:diamond_axe":1113,"minecraft:fletching_table":4,"minecraft:salmon":10,"minecraft:golden_hoe":21,"minecraft:blast_furnace":2,"minecraft:crafting_table":8,"minecraft:light_gray_concrete_powder":3,"minecraft:oak_log":42,"minecraft:flower_pot":1,"minecraft:diamond_pickaxe":488,"minecraft:oxeye_daisy":1,"minecraft:iron_pickaxe":250,"minecraft:diamond_shovel":54,"minecraft:bread":58,"minecraft:lectern":3,"minecraft:gravel":22,"cgm:assault_rifle":11,"create:large_water_wheel":4,"minecraft:stone_axe":658,"minecraft:diamond_sword":34,"minecraft:cobblestone":182,"minecraft:grindstone":2,"minecraft:smithing_table":2,"minecraft:birch_log":5,"minecraft:bucket":40,"minecraft:oak_boat":6,"minecraft:dandelion":2,"minecraft:chainmail_leggings":1},"minecraft:mined":{"create:zinc_ore":3,"minecraft:diamond_ore":9,"minecraft:tuff":4,"minecraft:white_bed":8,"minecraft:stone_pressure_plate":1,"minecraft:farmland":1,"minecraft:deepslate_diamond_ore":11,"create:andesite_casing":1,"minecraft:potted_cactus":1,"minecraft:brewing_stand":1,"minecraft:granite":68,"minecraft:red_sand":6,"minecraft:grass_block":50,"create:ochrum":24,"minecraft:composter":1,"minecraft:oxeye_daisy":3,"minecraft:sandstone":9,"minecraft:hay_block":24,"minecraft:furnace":1,"minecraft:iron_ore":165,"minecraft:andesite":87,"minecraft:fletching_table":2,"minecraft:azure_bluet":3,"minecraft:bell":1,"minecraft:dirt_path":4,"minecraft:light_gray_concrete":3,"minecraft:stripped_oak_log":15,"minecraft:stone":570,"minecraft:smithing_table":1,"minecraft:cut_sandstone":2,"minecraft:dandelion":3,"minecraft:spruce_door":1,"minecraft:crafting_table":7,"minecraft:blast_furnace":1,"minecraft:dead_bush":70,"minecraft:lectern":2,"minecraft:copper_ore":35,"minecraft:tall_grass":2,"minecraft:cobblestone":21,"minecraft:oak_planks":4,"minecraft:sugar_cane":21,"minecraft:lapis_ore":8,"minecraft:grindstone":1,"minecraft:diorite":41,"minecraft:seagrass":2,"minecraft:birch_log":425,"minecraft:wheat":4,"minecraft:birch_leaves":11,"minecraft:tnt":9,"minecraft:yellow_bed":1,"minecraft:grass":41,"minecraft:coal_ore":71,"minecraft:oak_log":1287,"minecraft:gravel":39,"minecraft:sand":8,"minecraft:sunflower":3,"minecraft:dripstone_block":14,"minecraft:dirt":71,"minecraft:raw_copper_block":1,"minecraft:oak_leaves":284,"minecraft:deepslate":23},"minecraft:crafted":{"minecraft:golden_carrot":1,"minecraft:light_gray_concrete_powder":8,"minecraft:grindstone":1,"minecraft:smooth_stone":3,"minecraft:oak_planks":4992,"minecraft:redstone":20,"minecraft:stone_shovel":1,"minecraft:iron_nugget":45,"minecraft:furnace":2,"minecraft:blast_furnace":1,"minecraft:stone":6,"minecraft:diamond_shovel":1,"minecraft:bookshelf":12,"minecraft:cooked_mutton":15,"minecraft:hopper":1,"minecraft:diamond_helmet":1,"minecraft:diamond_leggings":1,"minecraft:iron_boots":10,"minecraft:raw_copper":9,"minecraft:iron_axe":21,"minecraft:ender_pearl":5,"minecraft:stone_pickaxe":4,"minecraft:chest":6,"minecraft:diamond_boots":1,"minecraft:stone_hoe":1,"cgm:workbench":1,"create:cogwheel":3,"minecraft:chainmail_leggings":42,"minecraft:wheat":216,"minecraft:oak_slab":6,"create:andesite_alloy":26,"minecraft:diamond_sword":1,"minecraft:emerald":445,"sophisticatedbackpacks:backpack":1,"minecraft:diamond_axe":3,"minecraft:crafting_table":2,"minecraft:enchanting_table":1,"minecraft:wooden_pickaxe":1,"create:large_water_wheel":4,"minecraft:smithing_table":1,"minecraft:copper_ingot":26,"minecraft:fletching_table":2,"minecraft:bucket":1,"minecraft:birch_planks":1668,"minecraft:stone_axe":16,"minecraft:glowstone":8,"minecraft:bread":73,"minecraft:air":0,"minecraft:oak_boat":3,"minecraft:lectern":1,"minecraft:book":4,"minecraft:iron_chestplate":1,"minecraft:paper":6,"minecraft:diamond_pickaxe":1,"create:water_wheel":4,"minecraft:shield":1,"minecraft:stick":12940,"minecraft:stone_slab":6,"minecraft:iron_ingot":165,"minecraft:iron_pickaxe":1,"minecraft:stone_sword":1,"create:large_cogwheel":3,"minecraft:light_gray_dye":1,"create:mechanical_drill":1,"create:shaft":16,"minecraft:lapis_lazuli":12,"minecraft:diamond_chestplate":1},"minecraft:broken":{"minecraft:stone_pickaxe":3,"minecraft:golden_axe":1,"minecraft:stone_axe":5,"minecraft:iron_pickaxe":1},"minecraft:custom":{"minecraft:mob_kills":53,"minecraft:interact_with_crafting_table":78,"minecraft:leave_game":10,"minecraft:time_since_death":277139,"minecraft:sprint_one_cm":892188,"minecraft:walk_one_cm":624440,"minecraft:drop":124,"minecraft:talked_to_villager":131,"minecraft:play_time":362686,"minecraft:sneak_time":5362,"minecraft:deaths":1,"minecraft:walk_under_water_one_cm":34357,"minecraft:boat_one_cm":3099,"minecraft:jump":6195,"minecraft:interact_with_blast_furnace":22,"minecraft:walk_on_water_one_cm":40720,"minecraft:total_world_time":362686,"minecraft:interact_with_furnace":31,"minecraft:traded_with_villager":584,"minecraft:interact_with_grindstone":2,"minecraft:sleep_in_bed":23,"minecraft:time_since_rest":7263,"minecraft:damage_taken":1502,"minecraft:damage_dealt":5021,"minecraft:swim_one_cm":100537,"minecraft:fly_one_cm":1451080,"minecraft:open_chest":188,"minecraft:crouch_one_cm":8618,"minecraft:fall_one_cm":184924,"minecraft:horse_one_cm":3180},"minecraft:dropped":{"minecraft:wheat_seeds":10,"minecraft:poisonous_potato":8,"minecraft:leather_helmet":1,"minecraft:dirt":13,"minecraft:mutton":5,"minecraft:sunflower":1,"minecraft:iron_axe":11,"minecraft:cactus":1,"minecraft:chainmail_leggings":48,"minecraft:white_wool":1,"minecraft:stone_axe":14,"minecraft:stone_sword":2,"minecraft:stone_shovel":1,"minecraft:iron_boots":10,"minecraft:rabbit_hide":2,"minecraft:sea_pickle":1,"minecraft:iron_chestplate":1,"minecraft:leather_leggings":1,"minecraft:stone_pressure_plate":1,"minecraft:red_sand":6,"minecraft:stone_pickaxe":1,"minecraft:beef":27,"minecraft:black_wool":1},"minecraft:picked_up":{"minecraft:iron_chestplate":1,"minecraft:crafting_table":7,"minecraft:wheat":4,"minecraft:azure_bluet":2,"cgm:basic_bullet":192,"minecraft:flower_pot":1,"minecraft:smithing_table":1,"minecraft:brewing_stand":1,"minecraft:shield":1,"minecraft:raw_copper":113,"minecraft:sea_pickle":1,"minecraft:red_sand":6,"minecraft:cobbled_deepslate":23,"minecraft:beef":35,"minecraft:oak_boat":4,"minecraft:lectern":2,"minecraft:sugar_cane":29,"minecraft:birch_sapling":13,"minecraft:furnace":1,"minecraft:raw_copper_block":1,"minecraft:iron_boots":1,"minecraft:egg":14,"minecraft:stick":296,"minecraft:raw_iron":165,"minecraft:sandstone":9,"cgm:light_grip":1,"minecraft:composter":1,"create:andesite_casing":1,"minecraft:diorite":40,"minecraft:stone_pressure_plate":1,"minecraft:tnt":9,"minecraft:stone_sword":2,"minecraft:cactus":1,"minecraft:stone_shovel":1,"cgm:assault_rifle":1,"create:ochrum":24,"minecraft:hay_block":24,"minecraft:mutton":20,"minecraft:white_wool":10,"minecraft:cobblestone":636,"minecraft:oxeye_daisy":3,"minecraft:stripped_oak_log":15,"minecraft:birch_log":422,"minecraft:andesite":87,"minecraft:salmon":10,"minecraft:cut_sandstone":2,"minecraft:leather":15,"minecraft:flint":6,"minecraft:tuff":4,"create:raw_zinc":3,"minecraft:oak_log":1276,"minecraft:yellow_bed":1,"minecraft:lapis_lazuli":55,"minecraft:dirt":121,"minecraft:apple":11,"minecraft:wheat_seeds":11,"minecraft:bell":1,"minecraft:rabbit_hide":2,"minecraft:grindstone":1,"minecraft:stone_pickaxe":1,"minecraft:fletching_table":2,"minecraft:rabbit":2,"minecraft:stone_hoe":1,"minecraft:oak_planks":4,"minecraft:dandelion":2,"minecraft:poisonous_potato":4,"minecraft:dripstone_block":14,"minecraft:gravel":33,"minecraft:sand":8,"minecraft:blast_furnace":1,"minecraft:ink_sac":2,"minecraft:white_bed":8,"minecraft:spruce_door":1,"minecraft:leather_helmet":1,"minecraft:light_gray_concrete":3,"minecraft:diamond":20,"minecraft:stone_axe":4,"minecraft:chainmail_leggings":7,"minecraft:granite":68,"minecraft:gray_wool":1,"minecraft:bread":57,"minecraft:oak_sapling":96,"minecraft:black_wool":1,"minecraft:coal":71,"minecraft:sunflower":2},"minecraft:killed_by":{"minecraft:iron_golem":1},"minecraft:killed":{"minecraft:horse":6,"minecraft:chicken":1,"minecraft:salmon":11,"minecraft:rabbit":2,"minecraft:creeper":1,"minecraft:squid":1,"minecraft:sheep":12,"minecraft:zombie":1,"minecraft:cow":18}},"DataVersion":2975}