{"stats":{"minecraft:used":{"minecraft:stone_sword":33,"minecraft:stone_shovel":28,"minecraft:chest":4,"minecraft:stone_hoe":2,"minecraft:dirt":84,"cgm:workbench":1,"minecraft:hopper":1,"minecraft:carrot":8,"minecraft:azure_bluet":2,"minecraft:iron_axe":181,"create:shaft":1,"minecraft:oak_sapling":7,"minecraft:furnace":2,"create:mechanical_drill":1,"minecraft:egg":12,"minecraft:golden_axe":33,"minecraft:water_bucket":38,"minecraft:spruce_door":1,"minecraft:rabbit":2,"minecraft:stone_pickaxe":449,"minecraft:oak_planks":4,"minecraft:sandstone":9,"minecraft:cut_sandstone":2,"minecraft:wooden_pickaxe":27,"minecraft:composter":1,"minecraft:diamond_axe":625,"minecraft:fletching_table":3,"minecraft:salmon":10,"minecraft:golden_hoe":21,"minecraft:crafting_table":8,"minecraft:blast_furnace":2,"minecraft:light_gray_concrete_powder":3,"minecraft:oak_log":33,"minecraft:flower_pot":1,"minecraft:diamond_pickaxe":487,"minecraft:oxeye_daisy":1,"minecraft:diamond_shovel":54,"minecraft:bread":46,"minecraft:iron_pickaxe":250,"cgm:assault_rifle":4,"minecraft:gravel":22,"create:large_water_wheel":4,"minecraft:stone_axe":658,"minecraft:diamond_sword":5,"minecraft:cobblestone":182,"minecraft:grindstone":2,"minecraft:smithing_table":2,"minecraft:bucket":39,"minecraft:oak_boat":6,"minecraft:chainmail_leggings":1},"minecraft:mined":{"create:zinc_ore":3,"minecraft:diamond_ore":9,"minecraft:tuff":4,"minecraft:white_bed":4,"minecraft:stone_pressure_plate":1,"minecraft:farmland":1,"minecraft:deepslate_diamond_ore":11,"create:andesite_casing":1,"minecraft:potted_cactus":1,"minecraft:brewing_stand":1,"minecraft:granite":68,"minecraft:red_sand":6,"minecraft:grass_block":49,"create:ochrum":24,"minecraft:composter":1,"minecraft:oxeye_daisy":2,"minecraft:sandstone":9,"minecraft:hay_block":24,"minecraft:furnace":1,"minecraft:iron_ore":165,"minecraft:andesite":87,"minecraft:fletching_table":2,"minecraft:azure_bluet":3,"minecraft:dirt_path":4,"minecraft:light_gray_concrete":3,"minecraft:stone":570,"minecraft:smithing_table":1,"minecraft:cut_sandstone":2,"minecraft:dandelion":1,"minecraft:spruce_door":1,"minecraft:crafting_table":7,"minecraft:blast_furnace":1,"minecraft:dead_bush":70,"minecraft:tall_grass":1,"minecraft:copper_ore":35,"minecraft:cobblestone":21,"minecraft:lapis_ore":8,"minecraft:grindstone":1,"minecraft:sugar_cane":21,"minecraft:oak_planks":4,"minecraft:diorite":41,"minecraft:seagrass":2,"minecraft:birch_log":262,"minecraft:wheat":4,"minecraft:birch_leaves":6,"minecraft:tnt":9,"minecraft:yellow_bed":1,"minecraft:grass":27,"minecraft:oak_log":1036,"minecraft:coal_ore":71,"minecraft:dripstone_block":14,"minecraft:sunflower":3,"minecraft:gravel":39,"minecraft:sand":8,"minecraft:dirt":71,"minecraft:raw_copper_block":1,"minecraft:oak_leaves":233,"minecraft:deepslate":23},"minecraft:crafted":{"minecraft:golden_carrot":1,"minecraft:light_gray_concrete_powder":8,"minecraft:grindstone":1,"minecraft:smooth_stone":3,"minecraft:oak_planks":3968,"minecraft:stone_shovel":1,"minecraft:iron_nugget":45,"minecraft:furnace":2,"minecraft:blast_furnace":1,"minecraft:stone":6,"minecraft:diamond_shovel":1,"minecraft:cooked_mutton":15,"minecraft:hopper":1,"minecraft:diamond_helmet":1,"minecraft:diamond_leggings":1,"minecraft:iron_boots":10,"minecraft:raw_copper":9,"minecraft:iron_axe":21,"minecraft:stone_pickaxe":4,"minecraft:chest":6,"minecraft:diamond_boots":1,"minecraft:stone_hoe":1,"cgm:workbench":1,"create:cogwheel":3,"minecraft:chainmail_leggings":42,"minecraft:wheat":216,"create:andesite_alloy":26,"minecraft:diamond_sword":1,"minecraft:emerald":341,"sophisticatedbackpacks:backpack":1,"minecraft:diamond_axe":3,"minecraft:crafting_table":2,"minecraft:wooden_pickaxe":1,"create:large_water_wheel":4,"minecraft:smithing_table":1,"minecraft:copper_ingot":26,"minecraft:fletching_table":2,"minecraft:bucket":1,"minecraft:birch_planks":1044,"minecraft:stone_axe":16,"minecraft:bread":73,"minecraft:air":0,"minecraft:oak_boat":3,"create:water_wheel":4,"minecraft:iron_chestplate":1,"minecraft:diamond_pickaxe":1,"minecraft:shield":1,"minecraft:stick":9664,"minecraft:stone_slab":6,"minecraft:iron_ingot":165,"minecraft:iron_pickaxe":1,"minecraft:stone_sword":1,"create:large_cogwheel":3,"create:shaft":16,"minecraft:light_gray_dye":1,"create:mechanical_drill":1,"minecraft:diamond_chestplate":1},"minecraft:broken":{"minecraft:stone_pickaxe":3,"minecraft:golden_axe":1,"minecraft:stone_axe":5,"minecraft:iron_pickaxe":1},"minecraft:custom":{"minecraft:mob_kills":34,"minecraft:interact_with_crafting_table":73,"minecraft:leave_game":6,"minecraft:time_since_death":225884,"minecraft:sprint_one_cm":729228,"minecraft:walk_one_cm":551973,"minecraft:drop":113,"minecraft:talked_to_villager":107,"minecraft:play_time":311431,"minecraft:deaths":1,"minecraft:sneak_time":4500,"minecraft:walk_under_water_one_cm":31793,"minecraft:boat_one_cm":3099,"minecraft:jump":5052,"minecraft:interact_with_blast_furnace":22,"minecraft:walk_on_water_one_cm":38729,"minecraft:total_world_time":311431,"minecraft:interact_with_furnace":30,"minecraft:traded_with_villager":434,"minecraft:interact_with_grindstone":2,"minecraft:sleep_in_bed":20,"minecraft:time_since_rest":4190,"minecraft:damage_taken":1278,"minecraft:damage_dealt":2488,"minecraft:swim_one_cm":92706,"minecraft:fly_one_cm":1157560,"minecraft:open_chest":140,"minecraft:crouch_one_cm":7425,"minecraft:fall_one_cm":152284,"minecraft:horse_one_cm":2460},"minecraft:dropped":{"minecraft:wheat_seeds":6,"minecraft:poisonous_potato":8,"minecraft:leather_helmet":1,"minecraft:dirt":12,"minecraft:mutton":5,"minecraft:sunflower":1,"minecraft:iron_axe":11,"minecraft:cactus":1,"minecraft:chainmail_leggings":48,"minecraft:white_wool":1,"minecraft:stone_axe":14,"minecraft:stone_sword":2,"minecraft:stone_shovel":1,"minecraft:iron_boots":10,"minecraft:rabbit_hide":2,"minecraft:sea_pickle":1,"minecraft:iron_chestplate":1,"minecraft:leather_leggings":1,"minecraft:stone_pressure_plate":1,"minecraft:stone_pickaxe":1,"minecraft:beef":3,"minecraft:red_sand":6,"minecraft:black_wool":1},"minecraft:picked_up":{"minecraft:crafting_table":7,"minecraft:iron_chestplate":1,"minecraft:wheat":4,"cgm:basic_bullet":192,"minecraft:azure_bluet":2,"minecraft:flower_pot":1,"minecraft:smithing_table":1,"minecraft:brewing_stand":1,"minecraft:shield":1,"minecraft:raw_copper":113,"minecraft:sea_pickle":1,"minecraft:red_sand":6,"minecraft:cobbled_deepslate":23,"minecraft:beef":11,"minecraft:oak_boat":4,"minecraft:sugar_cane":29,"minecraft:birch_sapling":10,"minecraft:raw_copper_block":1,"minecraft:furnace":1,"minecraft:iron_boots":1,"minecraft:egg":12,"cgm:light_grip":1,"minecraft:stick":284,"minecraft:raw_iron":165,"minecraft:sandstone":9,"minecraft:composter":1,"create:andesite_casing":1,"minecraft:diorite":40,"minecraft:stone_pressure_plate":1,"minecraft:tnt":9,"minecraft:stone_sword":2,"minecraft:cactus":1,"minecraft:stone_shovel":1,"cgm:assault_rifle":1,"create:ochrum":24,"minecraft:hay_block":24,"minecraft:mutton":20,"minecraft:white_wool":10,"minecraft:cobblestone":636,"minecraft:oxeye_daisy":2,"minecraft:birch_log":261,"minecraft:andesite":87,"minecraft:salmon":10,"minecraft:cut_sandstone":2,"minecraft:leather":5,"minecraft:yellow_bed":1,"minecraft:flint":6,"minecraft:oak_log":1026,"minecraft:tuff":4,"create:raw_zinc":3,"minecraft:lapis_lazuli":55,"minecraft:dirt":120,"minecraft:apple":6,"minecraft:wheat_seeds":7,"minecraft:rabbit_hide":2,"minecraft:grindstone":1,"minecraft:stone_pickaxe":1,"minecraft:rabbit":2,"minecraft:fletching_table":2,"minecraft:stone_hoe":1,"minecraft:oak_planks":4,"minecraft:poisonous_potato":4,"minecraft:dripstone_block":14,"minecraft:gravel":33,"minecraft:sand":8,"minecraft:blast_furnace":1,"minecraft:white_bed":4,"minecraft:spruce_door":1,"minecraft:leather_helmet":1,"minecraft:light_gray_concrete":3,"minecraft:diamond":20,"minecraft:stone_axe":4,"minecraft:chainmail_leggings":7,"minecraft:granite":68,"minecraft:gray_wool":1,"minecraft:bread":57,"minecraft:oak_sapling":79,"minecraft:black_wool":1,"minecraft:coal":71,"minecraft:sunflower":2},"minecraft:killed_by":{"minecraft:iron_golem":1},"minecraft:killed":{"minecraft:salmon":11,"minecraft:rabbit":2,"minecraft:creeper":1,"minecraft:sheep":12,"minecraft:zombie":1,"minecraft:cow":7}},"DataVersion":2975}